number,name
215,
216,
217,
218,
219,
220,
221,
222,
604,
224,
225,
226,
227,
228,
229,
230,
231,
232,
233,
235,
236,
237,
301,
302,
303,
304,
305,
307,
308,
306,
309,
310,
311,
312,
313,
314,
315,
316,
317,
318,
319,
320,
321,
322,
323,
324,
325,
326,
327,
401,
402,
403,
404,
405,
406,
407,
408,
409,
410,
411,
412,
413,
414,
415,
416,
417,
201,
202,
203,
204,
205,
206,
207,
208,
209,
210,
211,
101,
102,
601,
602,
105,
106,
107,
108,
109,
110,
501,
502,
503,
603,
605,
606,
607,
608,
701,
702,
703,
704,
705,
706,
707,
708,
709,
212,
801,
802,
803,
804,
